member_casual,avg_ride,rides
casual,22.891579939777213,2077478
member,12.11246486561322,3568517
